-- Populate the database
-- Note: it is automatically executed by hibernate
-- We use negative ids to avoid conflict with ids created when using the application
-- Known limitation: it does not support accents... Would be nice to fix it.

INSERT INTO USER_ACCOUNT (id, login, user_user_password, email, is_enabled, version) VALUES (-1, 'admin', 'admin', 'admin@example.com', true, 1);
INSERT INTO USER_ACCOUNT (id, login, user_password, email, is_enabled, version) VALUES(-2,'Remedios','Gisela','tellus@egetipsumDonec.org', true, 1);
INSERT INTO USER_ACCOUNT (id, login, user_password, email, is_enabled, version) VALUES(-1003,'Jena','Macon','tellus.Aenean@pedePraesent.ca', true, 1);
INSERT INTO USER_ACCOUNT (id, login, user_password, email, is_enabled, version) VALUES(-2004,'Wyatt','Nina','fringilla@tellus.ca', true, 1);
INSERT INTO USER_ACCOUNT (id, login, user_password, email, is_enabled, version) VALUES(-3005,'Kendall','Jonas','sed@semperauctor.edu', true, 1);
INSERT INTO USER_ACCOUNT (id, login, user_password, email, is_enabled, version) VALUES(-4006,'Zenaida','Quentin','vestibulum.Mauris@risusvarius.com', true, 1);
INSERT INTO USER_ACCOUNT (id, login, user_password, email, is_enabled, version) VALUES(-5007,'Abra','Raya','lorem@velitCraslorem.ca', true, 1);
INSERT INTO USER_ACCOUNT (id, login, user_password, email, is_enabled, version) VALUES(-6008,'Vaughan','Desirae','vulputate@sodales.com', true, 1);
INSERT INTO USER_ACCOUNT (id, login, user_password, email, is_enabled, version) VALUES(-7009,'Thor','Kirestin','vulputate@mifringillami.net', true, 1);
INSERT INTO USER_ACCOUNT (id, login, user_password, email, is_enabled, version) VALUES(-8010,'Merrill','MacKenzie','sem@aliquamadipiscing.edu', true, 1);
INSERT INTO USER_ACCOUNT (id, login, user_password, email, is_enabled, version) VALUES(-9011,'Shana','Palmer','sed.est.Nunc@facilisis.org', true, 1);
INSERT INTO USER_ACCOUNT (id, login, user_password, email, is_enabled, version) VALUES(-10012,'Abel','Remedios','Duis.cursus@eros.org', true, 1);
INSERT INTO USER_ACCOUNT (id, login, user_password, email, is_enabled, version) VALUES(-11013,'Emery','Hyacinth','enim@placeratorcilacus.net', true, 1);
INSERT INTO USER_ACCOUNT (id, login, user_password, email, is_enabled, version) VALUES(-12014,'Winter','Cadman','auctor.ullamcorper@Nullasemper.co.uk', true, 1);
INSERT INTO USER_ACCOUNT (id, login, user_password, email, is_enabled, version) VALUES(-13015,'Hilel','Zeph','nibh.enim.gravida@nasceturridiculusmus.co.uk', true, 1);
INSERT INTO USER_ACCOUNT (id, login, user_password, email, is_enabled, version) VALUES(-14016,'Ashely','Gray','Pellentesque@necmalesuada.com', true, 1);
INSERT INTO USER_ACCOUNT (id, login, user_password, email, is_enabled, version) VALUES(-15017,'Geoffrey','Kermit','quis.tristique@justoPraesent.org', true, 1);
INSERT INTO USER_ACCOUNT (id, login, user_password, email, is_enabled, version) VALUES(-16018,'Herman','Josephine','arcu.Morbi.sit@ligula.com', true, 1);
INSERT INTO USER_ACCOUNT (id, login, user_password, email, is_enabled, version) VALUES(-17019,'Ann','Jaime','et.magna.Praesent@musDonecdignissim.net', true, 1);
INSERT INTO USER_ACCOUNT (id, login, user_password, email, is_enabled, version) VALUES(-18020,'Chloe','Moana','fermentum.risus@vitae.co.uk', true, 1);
INSERT INTO USER_ACCOUNT (id, login, user_password, email, is_enabled, version) VALUES(-19021,'Porter','Holmes','Morbi.neque@et.ca', true, 1);
INSERT INTO USER_ACCOUNT (id, login, user_password, email, is_enabled, version) VALUES(-20022,'Jakeem','Caldwell','aliquam.eu@odioapurus.org', true, 1);
INSERT INTO USER_ACCOUNT (id, login, user_password, email, is_enabled, version) VALUES(-21023,'Alan','Lunea','Nam@ipsum.org', true, 1);
INSERT INTO USER_ACCOUNT (id, login, user_password, email, is_enabled, version) VALUES(-22024,'Burke','Wing','Quisque.fringilla@Inmi.edu', true, 1);
INSERT INTO USER_ACCOUNT (id, login, user_password, email, is_enabled, version) VALUES(-23025,'Blythe','Buckminster','tempor.lorem@vellectusCum.co.uk', true, 1);
INSERT INTO USER_ACCOUNT (id, login, user_password, email, is_enabled, version) VALUES(-24026,'Jenna','Sawyer','Fusce.fermentum@lectus.edu', true, 1);
INSERT INTO USER_ACCOUNT (id, login, user_password, email, is_enabled, version) VALUES(-25027,'Noelani','Rigel','arcu.Nunc@arcuVivamussit.org', true, 1);
INSERT INTO USER_ACCOUNT (id, login, user_password, email, is_enabled, version) VALUES(-26028,'Kelsie','Ahmed','eu@egestasAliquam.net', true, 1);
INSERT INTO USER_ACCOUNT (id, login, user_password, email, is_enabled, version) VALUES(-27029,'Jessica','Kaitlin','primis.in@ametdiam.co.uk', true, 1);
INSERT INTO USER_ACCOUNT (id, login, user_password, email, is_enabled, version) VALUES(-28030,'Chelsea','Paul','mi@leoelementum.edu', true, 1);
INSERT INTO USER_ACCOUNT (id, login, user_password, email, is_enabled, version) VALUES(-29031,'Tobias','Chancellor','Cras.interdum.Nunc@egestasa.ca', true, 1);
INSERT INTO USER_ACCOUNT (id, login, user_password, email, is_enabled, version) VALUES(-30032,'Sage','Imani','sed.turpis.nec@nibhDonec.edu', true, 1);
INSERT INTO USER_ACCOUNT (id, login, user_password, email, is_enabled, version) VALUES(-31033,'Kuame','Demetria','vel@ipsum.co.uk', true, 1);
INSERT INTO USER_ACCOUNT (id, login, user_password, email, is_enabled, version) VALUES(-32034,'Lila','Edward','feugiat.placerat.velit@nulla.org', true, 1);
INSERT INTO USER_ACCOUNT (id, login, user_password, email, is_enabled, version) VALUES(-33035,'Kylan','Simon','dapibus@sociisnatoque.ca', true, 1);
INSERT INTO USER_ACCOUNT (id, login, user_password, email, is_enabled, version) VALUES(-34036,'Levi','Keane','sit.amet@nonluctussit.org', true, 1);
INSERT INTO USER_ACCOUNT (id, login, user_password, email, is_enabled, version) VALUES(-35037,'Allegra','Brock','magna@mollis.org', true, 1);
INSERT INTO USER_ACCOUNT (id, login, user_password, email, is_enabled, version) VALUES(-36038,'Armand','Vladimir','Sed.eu@ultricesposuere.org', true, 1);
INSERT INTO USER_ACCOUNT (id, login, user_password, email, is_enabled, version) VALUES(-37039,'Ursula','Evangeline','arcu@ProinultricesDuis.edu', true, 1);
INSERT INTO USER_ACCOUNT (id, login, user_password, email, is_enabled, version) VALUES(-38040,'Yetta','Stephanie','pellentesque@arcu.edu', true, 1);
INSERT INTO USER_ACCOUNT (id, login, user_password, email, is_enabled, version) VALUES(-39041,'Slade','Kitra','et@Sedid.ca', true, 1);
INSERT INTO USER_ACCOUNT (id, login, user_password, email, is_enabled, version) VALUES(-40042,'Curran','Edan','velit.Pellentesque@dictumeu.com', true, 1);
INSERT INTO USER_ACCOUNT (id, login, user_password, email, is_enabled, version) VALUES(-41043,'Zachary','Kelsie','ac.mi.eleifend@nec.edu', true, 1);
INSERT INTO USER_ACCOUNT (id, login, user_password, email, is_enabled, version) VALUES(-42044,'Kareem','Jack','eleifend@porttitor.com', true, 1);
INSERT INTO USER_ACCOUNT (id, login, user_password, email, is_enabled, version) VALUES(-43045,'Hillary','Aladdin','diam.Pellentesque@ornare.net', true, 1);
INSERT INTO USER_ACCOUNT (id, login, user_password, email, is_enabled, version) VALUES(-44046,'Graiden','William','morbi.tristique@Sedmolestie.edu', true, 1);
INSERT INTO USER_ACCOUNT (id, login, user_password, email, is_enabled, version) VALUES(-45047,'Anthony','Yoshio','commodo@volutpatornarefacilisis.ca', true, 1);
INSERT INTO USER_ACCOUNT (id, login, user_password, email, is_enabled, version) VALUES(-46048,'Xander','Jana','Donec.at.arcu@metus.org', true, 1);
INSERT INTO USER_ACCOUNT (id, login, user_password, email, is_enabled, version) VALUES(-47049,'Maxine','Anjolie','ipsum.nunc.id@auguemalesuadamalesuada.edu', true, 1);
INSERT INTO USER_ACCOUNT (id, login, user_password, email, is_enabled, version) VALUES(-48050,'Louis','Blythe','fames.ac@augueut.org', true, 1);
INSERT INTO USER_ACCOUNT (id, login, user_password, email, is_enabled, version) VALUES(-49051,'Felix','Aquila','Nam.porttitor@massalobortisultrices.edu', true, 1);
INSERT INTO USER_ACCOUNT (id, login, user_password, email, is_enabled, version) VALUES(-50052,'Edan','Ina','et@vel.net', true, 1);
INSERT INTO USER_ACCOUNT (id, login, user_password, email, is_enabled, version) VALUES(-51053,'Judah','Zeph','lacus.Mauris.non@Pellentesque.ca', true, 1);
INSERT INTO USER_ACCOUNT (id, login, user_password, email, is_enabled, version) VALUES(-52054,'Kaden','Wyoming','odio.a.purus@justoeu.org', true, 1);
INSERT INTO USER_ACCOUNT (id, login, user_password, email, is_enabled, version) VALUES(-53055,'Sandra','Xander','nulla.magna.malesuada@enimEtiamimperdiet.co.uk', true, 1);
INSERT INTO USER_ACCOUNT (id, login, user_password, email, is_enabled, version) VALUES(-54056,'Lunea','Melanie','posuere.cubilia.Curae@magnamalesuada.net', true, 1);
INSERT INTO USER_ACCOUNT (id, login, user_password, email, is_enabled, version) VALUES(-55057,'Kiona','Yen','et@aliquetlobortisnisi.co.uk', true, 1);
INSERT INTO USER_ACCOUNT (id, login, user_password, email, is_enabled, version) VALUES(-56058,'Zephania','Veronica','Morbi@asollicitudin.ca', true, 1);
INSERT INTO USER_ACCOUNT (id, login, user_password, email, is_enabled, version) VALUES(-57059,'Bernard','Talon','Integer.id.magna@Donec.ca', true, 1);
INSERT INTO USER_ACCOUNT (id, login, user_password, email, is_enabled, version) VALUES(-58060,'Jelani','Cameran','nec@ultricesposuere.ca', true, 1);
INSERT INTO USER_ACCOUNT (id, login, user_password, email, is_enabled, version) VALUES(-59061,'Kimberly','Bell','Nam.nulla@Proinnisl.com', true, 1);
INSERT INTO USER_ACCOUNT (id, login, user_password, email, is_enabled, version) VALUES(-60062,'Ross','Roth','elit.a.feugiat@adipiscingnon.edu', true, 1);
INSERT INTO USER_ACCOUNT (id, login, user_password, email, is_enabled, version) VALUES(-61063,'Cassandra','Lev','a@litoratorquent.org', true, 1);
INSERT INTO USER_ACCOUNT (id, login, user_password, email, is_enabled, version) VALUES(-62064,'Zenia','Sybil','augue.id@SeddictumProin.org', true, 1);
INSERT INTO USER_ACCOUNT (id, login, user_password, email, is_enabled, version) VALUES(-63065,'Carl','Keely','Donec@nequeInornare.org', true, 1);
INSERT INTO USER_ACCOUNT (id, login, user_password, email, is_enabled, version) VALUES(-65067,'Hilda','Sloane','Phasellus.in@inaliquet.net', true, 1);
INSERT INTO USER_ACCOUNT (id, login, user_password, email, is_enabled, version) VALUES(-66068,'Ray','Upton','varius.Nam@inmolestietortor.co.uk', true, 1);
INSERT INTO USER_ACCOUNT (id, login, user_password, email, is_enabled, version) VALUES(-67069,'Lynn','Plato','auctor.non@loremloremluctus.com', true, 1);
INSERT INTO USER_ACCOUNT (id, login, user_password, email, is_enabled, version) VALUES(-68070,'Karly','Anastasia','at.egestas@laciniaorci.co.uk', true, 1);
INSERT INTO USER_ACCOUNT (id, login, user_password, email, is_enabled, version) VALUES(-69071,'Rogan','Daria','eget.tincidunt@dictummiac.co.uk', true, 1);
INSERT INTO USER_ACCOUNT (id, login, user_password, email, is_enabled, version) VALUES(-70072,'Abbot','Mufutau','non@Donecnibhenim.com', true, 1);
INSERT INTO USER_ACCOUNT (id, login, user_password, email, is_enabled, version) VALUES(-71073,'Russell','Julie','at.auctor.ullamcorper@at.edu', true, 1);
INSERT INTO USER_ACCOUNT (id, login, user_password, email, is_enabled, version) VALUES(-72074,'Clementine','McKenzie','libero.lacus@aultricies.co.uk', true, 1);
INSERT INTO USER_ACCOUNT (id, login, user_password, email, is_enabled, version) VALUES(-74076,'Lee','Rowan','amet.ante@urnaVivamusmolestie.co.uk', true, 1);
INSERT INTO USER_ACCOUNT (id, login, user_password, email, is_enabled, version) VALUES(-76078,'Aaron','Charity','ligula.eu@amet.co.uk', true, 1);
INSERT INTO USER_ACCOUNT (id, login, user_password, email, is_enabled, version) VALUES(-77079,'Shelley','Trevor','magna@Maurisutquam.ca', true, 1);
INSERT INTO USER_ACCOUNT (id, login, user_password, email, is_enabled, version) VALUES(-78080,'Brielle','Vanna','Proin@ullamcorperDuis.com', true, 1);
INSERT INTO USER_ACCOUNT (id, login, user_password, email, is_enabled, version) VALUES(-79081,'Ali','Abel','dapibus.ligula.Aliquam@egetodio.ca', true, 1);
INSERT INTO USER_ACCOUNT (id, login, user_password, email, is_enabled, version) VALUES(-80082,'Hector','Rose','erat@vestibulummassa.co.uk', true, 1);
INSERT INTO USER_ACCOUNT (id, login, user_password, email, is_enabled, version) VALUES(-81083,'Steel','Wayne','vitae.mauris.sit@et.net', true, 1);
INSERT INTO USER_ACCOUNT (id, login, user_password, email, is_enabled, version) VALUES(-82084,'Tyrone','Graham','felis.purus@Maurismagna.org', true, 1);
INSERT INTO USER_ACCOUNT (id, login, user_password, email, is_enabled, version) VALUES(-83085,'Roth','Kamal','vitae.erat.Vivamus@arcuVestibulum.com', true, 1);
INSERT INTO USER_ACCOUNT (id, login, user_password, email, is_enabled, version) VALUES(-84086,'Guy','Drake','et.netus.et@nonquam.ca', true, 1);
INSERT INTO USER_ACCOUNT (id, login, user_password, email, is_enabled, version) VALUES(-85087,'Tyler','Harrison','bibendum.sed@non.edu', true, 1);
INSERT INTO USER_ACCOUNT (id, login, user_password, email, is_enabled, version) VALUES(-86088,'Evangeline','Timon','nibh.Phasellus.nulla@molestie.edu', true, 1);
INSERT INTO USER_ACCOUNT (id, login, user_password, email, is_enabled, version) VALUES(-87089,'Sylvester','Lane','Sed.nec@aliquameu.com', true, 1);
INSERT INTO USER_ACCOUNT (id, login, user_password, email, is_enabled, version) VALUES(-89091,'Ima','Xenos','nibh.lacinia@tortordictum.edu', true, 1);
INSERT INTO USER_ACCOUNT (id, login, user_password, email, is_enabled, version) VALUES(-90092,'Margaret','Naomi','Phasellus.dapibus.quam@eteros.co.uk', true, 1);
INSERT INTO USER_ACCOUNT (id, login, user_password, email, is_enabled, version) VALUES(-91093,'Gavin','Marcia','adipiscing.Mauris@aliquamiaculis.edu', true, 1);
INSERT INTO USER_ACCOUNT (id, login, user_password, email, is_enabled, version) VALUES(-92094,'Zeus','Kaseem','nec.tempus@sitamet.com', true, 1);
INSERT INTO USER_ACCOUNT (id, login, user_password, email, is_enabled, version) VALUES(-93095,'Nicholas','Fleur','volutpat.ornare.facilisis@facilisismagna.org', true, 1);
INSERT INTO USER_ACCOUNT (id, login, user_password, email, is_enabled, version) VALUES(-94096,'Sade','Salvador','Duis@aliquamenim.co.uk', true, 1);
INSERT INTO USER_ACCOUNT (id, login, user_password, email, is_enabled, version) VALUES(-95097,'Lavinia','Isabella','arcu@semper.co.uk', true, 1);
INSERT INTO USER_ACCOUNT (id, login, user_password, email, is_enabled, version) VALUES(-96098,'September','Jessamine','arcu@facilisisloremtristique.edu', true, 1);
INSERT INTO USER_ACCOUNT (id, login, user_password, email, is_enabled, version) VALUES(-97099,'Grant','Keefe','odio.Phasellus@interdumlibero.co.uk', true, 1);
INSERT INTO USER_ACCOUNT (id, login, user_password, email, is_enabled, version) VALUES(-98100,'Jamalia','Sarah','iaculis@Aliquam.net', true, 1);
INSERT INTO USER_ACCOUNT (id, login, user_password, email, is_enabled, version) VALUES(-99101,'Declan','Odette','sem.Pellentesque.ut@nonvestibulumnec.co.uk', true, 1);

INSERT INTO USER_ROLES (id, role_name) VALUES (-1, 'ADMIN');
INSERT INTO USER_ROLES (id, role_name) VALUES (-2, 'USER');
INSERT INTO USER_ROLES (id, role_name) VALUES (-3, 'MONITORING');

INSERT INTO USER_ROLE (user_id, role_id) VALUES (-1, -1);
INSERT INTO USER_ROLE (user_id, role_id) VALUES (-1, -2);
INSERT INTO USER_ROLE (user_id, role_id) VALUES (-1, -3);

INSERT INTO USER_ROLE (user_id, role_id) VALUES(-2,-2);
INSERT INTO USER_ROLE (user_id, role_id) VALUES(-1003,-2);
INSERT INTO USER_ROLE (user_id, role_id) VALUES(-2004,-2);
INSERT INTO USER_ROLE (user_id, role_id) VALUES(-3005,-2);
INSERT INTO USER_ROLE (user_id, role_id) VALUES(-4006,-2);
INSERT INTO USER_ROLE (user_id, role_id) VALUES(-5007,-2);
INSERT INTO USER_ROLE (user_id, role_id) VALUES(-6008,-2);
INSERT INTO USER_ROLE (user_id, role_id) VALUES(-7009,-2);
INSERT INTO USER_ROLE (user_id, role_id) VALUES(-8010,-2);
INSERT INTO USER_ROLE (user_id, role_id) VALUES(-9011,-2);
INSERT INTO USER_ROLE (user_id, role_id) VALUES(-10012,-2);
INSERT INTO USER_ROLE (user_id, role_id) VALUES(-11013,-2);
INSERT INTO USER_ROLE (user_id, role_id) VALUES(-12014,-2);
INSERT INTO USER_ROLE (user_id, role_id) VALUES(-13015,-2);
INSERT INTO USER_ROLE (user_id, role_id) VALUES(-14016,-2);
INSERT INTO USER_ROLE (user_id, role_id) VALUES(-15017,-2);
INSERT INTO USER_ROLE (user_id, role_id) VALUES(-16018,-2);
INSERT INTO USER_ROLE (user_id, role_id) VALUES(-17019,-2);
INSERT INTO USER_ROLE (user_id, role_id) VALUES(-18020,-2);
INSERT INTO USER_ROLE (user_id, role_id) VALUES(-19021,-2);
INSERT INTO USER_ROLE (user_id, role_id) VALUES(-20022,-2);
INSERT INTO USER_ROLE (user_id, role_id) VALUES(-21023,-2);
INSERT INTO USER_ROLE (user_id, role_id) VALUES(-22024,-2);
INSERT INTO USER_ROLE (user_id, role_id) VALUES(-23025,-2);
INSERT INTO USER_ROLE (user_id, role_id) VALUES(-24026,-2);
INSERT INTO USER_ROLE (user_id, role_id) VALUES(-25027,-2);
INSERT INTO USER_ROLE (user_id, role_id) VALUES(-26028,-2);
INSERT INTO USER_ROLE (user_id, role_id) VALUES(-27029,-2);
INSERT INTO USER_ROLE (user_id, role_id) VALUES(-28030,-2);
INSERT INTO USER_ROLE (user_id, role_id) VALUES(-29031,-2);
INSERT INTO USER_ROLE (user_id, role_id) VALUES(-30032,-2);
INSERT INTO USER_ROLE (user_id, role_id) VALUES(-31033,-2);
INSERT INTO USER_ROLE (user_id, role_id) VALUES(-32034,-2);
INSERT INTO USER_ROLE (user_id, role_id) VALUES(-33035,-2);
INSERT INTO USER_ROLE (user_id, role_id) VALUES(-34036,-2);
INSERT INTO USER_ROLE (user_id, role_id) VALUES(-35037,-2);
INSERT INTO USER_ROLE (user_id, role_id) VALUES(-36038,-2);
INSERT INTO USER_ROLE (user_id, role_id) VALUES(-37039,-2);
INSERT INTO USER_ROLE (user_id, role_id) VALUES(-38040,-2);
INSERT INTO USER_ROLE (user_id, role_id) VALUES(-39041,-2);
INSERT INTO USER_ROLE (user_id, role_id) VALUES(-40042,-2);
INSERT INTO USER_ROLE (user_id, role_id) VALUES(-41043,-2);
INSERT INTO USER_ROLE (user_id, role_id) VALUES(-42044,-2);
INSERT INTO USER_ROLE (user_id, role_id) VALUES(-43045,-2);
INSERT INTO USER_ROLE (user_id, role_id) VALUES(-44046,-2);
INSERT INTO USER_ROLE (user_id, role_id) VALUES(-45047,-2);
INSERT INTO USER_ROLE (user_id, role_id) VALUES(-46048,-2);
INSERT INTO USER_ROLE (user_id, role_id) VALUES(-47049,-2);
INSERT INTO USER_ROLE (user_id, role_id) VALUES(-48050,-2);
INSERT INTO USER_ROLE (user_id, role_id) VALUES(-49051,-2);
INSERT INTO USER_ROLE (user_id, role_id) VALUES(-50052,-2);
INSERT INTO USER_ROLE (user_id, role_id) VALUES(-51053,-2);
INSERT INTO USER_ROLE (user_id, role_id) VALUES(-52054,-2);
INSERT INTO USER_ROLE (user_id, role_id) VALUES(-53055,-2);
INSERT INTO USER_ROLE (user_id, role_id) VALUES(-54056,-2);
INSERT INTO USER_ROLE (user_id, role_id) VALUES(-55057,-2);
INSERT INTO USER_ROLE (user_id, role_id) VALUES(-56058,-2);
INSERT INTO USER_ROLE (user_id, role_id) VALUES(-57059,-2);
INSERT INTO USER_ROLE (user_id, role_id) VALUES(-58060,-2);
INSERT INTO USER_ROLE (user_id, role_id) VALUES(-59061,-2);
INSERT INTO USER_ROLE (user_id, role_id) VALUES(-60062,-2);
INSERT INTO USER_ROLE (user_id, role_id) VALUES(-61063,-2);
INSERT INTO USER_ROLE (user_id, role_id) VALUES(-62064,-2);
INSERT INTO USER_ROLE (user_id, role_id) VALUES(-63065,-2);
INSERT INTO USER_ROLE (user_id, role_id) VALUES(-65067,-2);
INSERT INTO USER_ROLE (user_id, role_id) VALUES(-66068,-2);
INSERT INTO USER_ROLE (user_id, role_id) VALUES(-67069,-2);
INSERT INTO USER_ROLE (user_id, role_id) VALUES(-68070,-2);
INSERT INTO USER_ROLE (user_id, role_id) VALUES(-69071,-2);
INSERT INTO USER_ROLE (user_id, role_id) VALUES(-70072,-2);
INSERT INTO USER_ROLE (user_id, role_id) VALUES(-71073,-2);
INSERT INTO USER_ROLE (user_id, role_id) VALUES(-72074,-2);
INSERT INTO USER_ROLE (user_id, role_id) VALUES(-74076,-2);
INSERT INTO USER_ROLE (user_id, role_id) VALUES(-76078,-2);
INSERT INTO USER_ROLE (user_id, role_id) VALUES(-77079,-2);
INSERT INTO USER_ROLE (user_id, role_id) VALUES(-78080,-2);
INSERT INTO USER_ROLE (user_id, role_id) VALUES(-79081,-2);
INSERT INTO USER_ROLE (user_id, role_id) VALUES(-80082,-2);
INSERT INTO USER_ROLE (user_id, role_id) VALUES(-81083,-2);
INSERT INTO USER_ROLE (user_id, role_id) VALUES(-82084,-2);
INSERT INTO USER_ROLE (user_id, role_id) VALUES(-83085,-2);
INSERT INTO USER_ROLE (user_id, role_id) VALUES(-84086,-2);
INSERT INTO USER_ROLE (user_id, role_id) VALUES(-85087,-2);
INSERT INTO USER_ROLE (user_id, role_id) VALUES(-86088,-2);
INSERT INTO USER_ROLE (user_id, role_id) VALUES(-87089,-2);
INSERT INTO USER_ROLE (user_id, role_id) VALUES(-89091,-2);
INSERT INTO USER_ROLE (user_id, role_id) VALUES(-90092,-2);
INSERT INTO USER_ROLE (user_id, role_id) VALUES(-91093,-2);
INSERT INTO USER_ROLE (user_id, role_id) VALUES(-92094,-2);
INSERT INTO USER_ROLE (user_id, role_id) VALUES(-93095,-2);
INSERT INTO USER_ROLE (user_id, role_id) VALUES(-94096,-2);
INSERT INTO USER_ROLE (user_id, role_id) VALUES(-95097,-2);
INSERT INTO USER_ROLE (user_id, role_id) VALUES(-96098,-2);
INSERT INTO USER_ROLE (user_id, role_id) VALUES(-97099,-2);
INSERT INTO USER_ROLE (user_id, role_id) VALUES(-98100,-2);
INSERT INTO USER_ROLE (user_id, role_id) VALUES(-99101,-2);

INSERT INTO CURRENCY (id, code, name, decimal_count, version) VALUES (-1, 'EUR', 'Euro', 2, 1);
INSERT INTO CURRENCY (id, code, name, decimal_count, version) VALUES (-2, 'USD', 'US Dollar', 2, 1);
INSERT INTO CURRENCY (id, code, name, decimal_count, version) VALUES (-3, 'GBP', 'British Sterling', 2, 1);
INSERT INTO CURRENCY (id, code, name, decimal_count, version) VALUES (-4, 'CAD', 'Canadien Dollar', 2, 1);
INSERT INTO CURRENCY (id, code, name, decimal_count, version) VALUES (-5, 'CHF', 'Swiss franc', 2, 1);
INSERT INTO CURRENCY (id, code, name, decimal_count, version) VALUES (-6, 'JPY', 'Yen', 0, 1);
INSERT INTO CURRENCY (id, code, name, decimal_count, version) VALUES (-7, 'SEK', 'Couronne', 2, 1);

INSERT INTO ADDRESS (id, street, zip_code, city, country, version) VALUES (-1, '1 RUE DE LA BANQUE', '75000', 'Paris', 'France', 1);
INSERT INTO ADDRESS (id, street, zip_code, city, country, version) VALUES (-2, '2 RUE DE LA BANQUE', '75000', 'Paris', 'France', 1);
INSERT INTO ADDRESS (id, street, zip_code, city, country, version) VALUES (-3, '3 RUE DE LA BANQUE', '75000', 'Paris', 'France', 1);
INSERT INTO ADDRESS (id, street, zip_code, city, country, version) VALUES (-4, 'NY', '10045', 'New-York', 'Etats-Unis', 1);
INSERT INTO ADDRESS (id, street, zip_code, city, country, version) VALUES (-5, 'AL', '16000', 'Alger', 'Algeria', 1);
INSERT INTO ADDRESS (id, street, zip_code, city, country, version) VALUES (-6, '4 RUE DE LA BANQUE', '75000', 'Paris', 'France', 1);

INSERT INTO CUSTOMER (id, company_name, address_id, version) VALUES (-1, 'Trésor Public', -1, 1);
INSERT INTO CUSTOMER (id, company_name, address_id, version) VALUES (-2, 'BNP Paribas', -2, 1);
INSERT INTO CUSTOMER (id, company_name, address_id, version) VALUES (-3, 'Société Générale', -3, 1);
INSERT INTO CUSTOMER (id, company_name, address_id, version) VALUES (-4, 'Federal Reserve bank of New York', -4, 1);
INSERT INTO CUSTOMER (id, company_name, address_id, version) VALUES (-5, 'Algeria central bank', -5, 1);
INSERT INTO CUSTOMER (id, company_name, address_id, version) VALUES (-6, 'DO Budget', -6, 1);

INSERT INTO ACCOUNT (id, account_number, name, currency_id, customer_id, version) VALUES (-1, '0001001', 'Compte 1', -1, -1, 1);
INSERT INTO ACCOUNT (id, account_number, name, currency_id, customer_id, version) VALUES (-2, '0001002', 'Compte 2', -2, -1, 1);
INSERT INTO ACCOUNT (id, account_number, name, currency_id, customer_id, version) VALUES (-3, '0002001', 'Compte 1', -1, -2, 1);
INSERT INTO ACCOUNT (id, account_number, name, currency_id, customer_id, version) VALUES (-4, '0002002', 'Compte 2', -2, -2, 1);
INSERT INTO ACCOUNT (id, account_number, name, currency_id, customer_id, version) VALUES (-5, '0003001', 'Compte 1', -1, -3, 1);
INSERT INTO ACCOUNT (id, account_number, name, currency_id, customer_id, version) VALUES (-6, '0003002', 'Compte 2', -2, -3, 1);
INSERT INTO ACCOUNT (id, account_number, name, currency_id, customer_id, version) VALUES (-7, '0003003', 'Compte 3', -6, -3, 1);
INSERT INTO ACCOUNT (id, account_number, name, currency_id, customer_id, version) VALUES (-8, '0004001', 'Compte 1', -1, -4, 1);
INSERT INTO ACCOUNT (id, account_number, name, currency_id, customer_id, version) VALUES (-9, '0004002', 'Compte 2', -2, -4, 1);
INSERT INTO ACCOUNT (id, account_number, name, currency_id, customer_id, version) VALUES (-10, '0004003', 'Compte 3', -4, -4, 1);
INSERT INTO ACCOUNT (id, account_number, name, currency_id, customer_id, version) VALUES (-11, '0004004', 'Compte 4', -6, -4, 1);
INSERT INTO ACCOUNT (id, account_number, name, currency_id, customer_id, version) VALUES (-12, '0005001', 'Compte 1', -1, -5, 1);
INSERT INTO ACCOUNT (id, account_number, name, currency_id, customer_id, version) VALUES (-13, '0005002', 'Compte 2', -2, -5, 1);
INSERT INTO ACCOUNT (id, account_number, name, currency_id, customer_id, version) VALUES (-14, '0006001', 'Compte 1', -1, -6, 1);
INSERT INTO ACCOUNT (id, account_number, name, currency_id, customer_id, version) VALUES (-15, '0006002', 'Compte 2', -2, -6, 1);

INSERT INTO TRANSACTION (id, account_id, amount, transaction_date, value_date, currency_id, description, version) VALUES (-1, -1, 100000, '2013-01-08', '2013-01-11', -1, 'Invoice 1', 1);
INSERT INTO TRANSACTION (id, account_id, amount, transaction_date, value_date, currency_id, description, version) VALUES (-2, -1, -50000, '2013-01-09', '2013-01-12', -1, 'Invoice 2', 1);
INSERT INTO TRANSACTION (id, account_id, amount, transaction_date, value_date, currency_id, description, version) VALUES (-3, -1, 250000, '2013-01-10', '2013-01-13', -1, 'Invoice 3', 1);
INSERT INTO TRANSACTION (id, account_id, amount, transaction_date, value_date, currency_id, description, version) VALUES (-4, -1, -5000000, '2013-01-11', '2013-01-14', -1, 'Invoice 4', 1);
INSERT INTO TRANSACTION (id, account_id, amount, transaction_date, value_date, currency_id, description, version) VALUES (-5, -1, 2000000, '2013-01-12', '2013-01-15', -1, 'Invoice 5', 1);
INSERT INTO TRANSACTION (id, account_id, amount, transaction_date, value_date, currency_id, description, version) VALUES (-6, -1, 100000, '2013-01-13', '2013-01-16', -1, 'Invoice 6', 1);
INSERT INTO TRANSACTION (id, account_id, amount, transaction_date, value_date, currency_id, description, version) VALUES (-7, -1, 500000, '2013-01-14', '2013-01-17', -1, 'Invoice 7', 1);
INSERT INTO TRANSACTION (id, account_id, amount, transaction_date, value_date, currency_id, description, version) VALUES (-8, -1, -5000000, '2013-01-15', '2013-01-18', -1, 'Invoice 8', 1);
INSERT INTO TRANSACTION (id, account_id, amount, transaction_date, value_date, currency_id, description, version) VALUES (-9, -1, 9000000, '2013-01-16', '2013-01-19', -1, 'Invoice 9', 1);
INSERT INTO TRANSACTION (id, account_id, amount, transaction_date, value_date, currency_id, description, version) VALUES (-10, -1, 200000, '2013-01-17', '2013-01-20', -1, 'Invoice 10', 1);
INSERT INTO TRANSACTION (id, account_id, amount, transaction_date, value_date, currency_id, description, version) VALUES (-11, -2, 100000, '2013-01-08', '2013-01-11', -2, 'Invoice 1', 1);
INSERT INTO TRANSACTION (id, account_id, amount, transaction_date, value_date, currency_id, description, version) VALUES (-12, -2, -50000, '2013-01-09', '2013-01-12', -2, 'Invoice 2', 1);
INSERT INTO TRANSACTION (id, account_id, amount, transaction_date, value_date, currency_id, description, version) VALUES (-13, -2, 250000, '2013-01-10', '2013-01-13', -2, 'Invoice 3', 1);
INSERT INTO TRANSACTION (id, account_id, amount, transaction_date, value_date, currency_id, description, version) VALUES (-14, -2, -5000000, '2013-01-11', '2013-01-14', -2, 'Invoice 4', 1);
INSERT INTO TRANSACTION (id, account_id, amount, transaction_date, value_date, currency_id, description, version) VALUES (-15, -2, 2000000, '2013-01-12', '2013-01-15', -2, 'Invoice 5', 1);
INSERT INTO TRANSACTION (id, account_id, amount, transaction_date, value_date, currency_id, description, version) VALUES (-16, -2, 100000, '2013-01-13', '2013-01-16', -2, 'Invoice 6', 1);
INSERT INTO TRANSACTION (id, account_id, amount, transaction_date, value_date, currency_id, description, version) VALUES (-17, -2, 500000, '2013-01-14', '2013-01-17', -2, 'Invoice 7', 1);
INSERT INTO TRANSACTION (id, account_id, amount, transaction_date, value_date, currency_id, description, version) VALUES (-18, -2, -5000000, '2013-01-15', '2013-01-18', -2, 'Invoice 8', 1);
INSERT INTO TRANSACTION (id, account_id, amount, transaction_date, value_date, currency_id, description, version) VALUES (-19, -2, 9000000, '2013-01-16', '2013-01-19', -2, 'Invoice 9', 1);
INSERT INTO TRANSACTION (id, account_id, amount, transaction_date, value_date, currency_id, description, version) VALUES (-20, -2, 200000, '2013-01-17', '2013-01-20', -2, 'Invoice 10', 1);
